<?xml version="1.0" encoding="UTF-8"?>
<!DOCTYPE mapper PUBLIC "-//mybatis.org//DTD Mapper 3.0//EN" "http://mybatis.org/dtd/mybatis-3-mapper.dtd">

<mapper namespace="cool.cade.mall.member.dao.UmsMemberLoginLogDao">

	<!-- 可根据自己的需求，是否要使用 -->
    <resultMap type="cool.cade.mall.member.entity.UmsMemberLoginLogEntity" id="umsMemberLoginLogMap">
        <result property="id" column="id"/>
        <result property="memberId" column="member_id"/>
        <result property="createTime" column="create_time"/>
        <result property="ip" column="ip"/>
        <result property="city" column="city"/>
        <result property="loginType" column="login_type"/>
    </resultMap>


</mapper>