<?xml version="1.0" encoding="UTF-8"?>
<!DOCTYPE mapper PUBLIC "-//mybatis.org//DTD Mapper 3.0//EN" "http://mybatis.org/dtd/mybatis-3-mapper.dtd">

<mapper namespace="cool.cade.mall.coupon.dao.SmsSeckillSkuNoticeDao">

	<!-- 可根据自己的需求，是否要使用 -->
    <resultMap type="cool.cade.mall.coupon.entity.SmsSeckillSkuNoticeEntity" id="smsSeckillSkuNoticeMap">
        <result property="id" column="id"/>
        <result property="memberId" column="member_id"/>
        <result property="skuId" column="sku_id"/>
        <result property="sessionId" column="session_id"/>
        <result property="subcribeTime" column="subcribe_time"/>
        <result property="sendTime" column="send_time"/>
        <result property="noticeType" column="notice_type"/>
    </resultMap>


</mapper>